{"cameraMode":{"drawMode":0,"name":"Shaded","section":"Shading Mode"},"sceneLighting":false,"audioPlay":false,"sceneViewState":{"m_AlwaysRefresh":false,"showFog":true,"showSkybox":true,"showFlares":true,"showImageEffects":true,"showParticleSystems":true,"showVisualEffectGraphs":true,"m_FxEnabled":false},"in2DMode":false,"pivot":{"x":-0.49054408073425295,"y":-264.9232177734375,"z":-34.69391632080078},"rotation":{"x":-0.0025700037367641927,"y":-0.7516019940376282,"z":0.6596165895462036,"w":-0.002924812724813819},"size":165.93142700195313,"orthographic":false}