{"cameraMode":{"drawMode":0,"name":"Shaded","section":"Shading Mode"},"sceneLighting":false,"audioPlay":false,"sceneViewState":{"m_AlwaysRefresh":false,"showFog":true,"showSkybox":false,"showFlares":true,"showImageEffects":true,"showParticleSystems":true,"showVisualEffectGraphs":true,"m_FxEnabled":false},"in2DMode":false,"pivot":{"x":-0.8418961763381958,"y":1.1327059268951417,"z":-0.24958281219005586},"rotation":{"x":0.23510965704917909,"y":-0.7172566652297974,"z":0.28556594252586367,"w":0.5905276536941528},"size":0.9810709357261658,"orthographic":false}